"DESCRIPTION","DURATION IN MS","NAME","PARENT SUITE","START TIME","STATUS","STOP TIME","SUB SUITE","SUITE","TEST CLASS","TEST METHOD"
"","617","test_transfer_invalid_amount_self[4606.34-10000-Invalid transfer: insufficient funds or invalid accounts]","src.tests.api","2026-09-30","passed","2026-09-30","TestTransferMoney","transfer_money_test","",""
"","735","test_transfer_amount_self[10000.0-9999.99]","src.tests.api","2026-09-30","passed","2026-09-30","TestTransferMoney","transfer_money_test","",""
"","407","test_edit_profile_invalid_name[webkit-FjVq-Name must contain two words with letters only]","src.tests.ui","2026-09-30","passed","2026-09-30","TestEditProfile","ui_customer_profile_test","",""
"","493","test_user_can_create_account[firefox]","src.tests.ui","2026-09-30","passed","2026-09-30","TestCreateAccount","ui_create_account_test","",""
"","215","test_customer_invalid_name[Ivan1]","src.tests.api","2026-09-30","passed","2026-09-30","TestCustomerProfile","customer_profile_test","",""
"","211","test_not_found_account","src.tests.api","2026-09-30","passed","2026-09-30","TestDepositAccount","deposit_account_test","",""
"","331","test_user_no_select_account[webkit]","src.tests.ui","2026-09-30","passed","2026-09-30","TestDepositAccount","ui_deposit_account_test","",""
"","426","test_edit_profile_invalid_name[webkit--\u274c Please enter a valid name.]","src.tests.ui","2026-09-30","passed","2026-09-30","TestEditProfile","ui_customer_profile_test","",""
"","60","test_create_invalid_user[!qgwqg-NC6x$07mdC-USER-username-must match ""^[\\w\\.\\-]+$""]","src.tests.api","2026-09-30","passed","2026-09-30","TestCreateUser","create_user_test","",""
"","60","test_create_invalid_user[qw-y!Kl662sHD-USER-username-size must be between 3 and 15]","src.tests.api","2026-09-30","passed","2026-09-30","TestCreateUser","create_user_test","",""
"","211","test_customer_invalid_name[ ]","src.tests.api","2026-09-30","passed","2026-09-30","TestCustomerProfile","customer_profile_test","",""
"","527","test_transfer_amount_another_account[5000-0.01]","src.tests.api","2026-09-30","passed","2026-09-30","TestTransferMoney","transfer_money_test","",""
"","525","test_transfer_amount_another_account[5000-5000]","src.tests.api","2026-09-30","passed","2026-09-30","TestTransferMoney","transfer_money_test","",""
"","1201","test_user_can_transfer_money_self[chromium]","src.tests.ui","2026-09-30","passed","2026-09-30","TestTransferMoney","ui_transfer_money_test","",""
"","213","test_customer_invalid_name[Ivan Ivnov ]","src.tests.api","2026-09-30","passed","2026-09-30","TestCustomerProfile","customer_profile_test","",""
"","376","test_user_can_create_account[chromium]","src.tests.ui","2026-09-30","passed","2026-09-30","TestCreateAccount","ui_create_account_test","",""
"","351","test_user_no_select_account[firefox]","src.tests.ui","2026-09-30","passed","2026-09-30","TestDepositAccount","ui_deposit_account_test","",""
"","5626","test_edit_profile[firefox]","src.tests.ui","2026-09-30","passed","2026-09-30","TestEditProfile","ui_customer_profile_test","",""
"","3328","test_admin_can_login_with_correct_data[webkit]","src.tests.ui","2026-09-30","passed","2026-09-30","TestLoginUser","ui_login_user_test","",""
"","196","test_admin_cannot_create_user_with_invalid_data[chromium-new_user_request0]","src.tests.ui","2026-09-30","passed","2026-09-30","TestCreateUser","ui_create_user_test","",""
"","429","test_transfer_page_empty_fields[firefox]","src.tests.ui","2026-09-30","passed","2026-09-30","TestTransferMoney","ui_transfer_money_test","",""
"","631","test_transfer_amount_another_account[10000.0-2578.21]","src.tests.api","2026-09-30","passed","2026-09-30","TestTransferMoney","transfer_money_test","",""
"","61","test_create_invalid_user[qwertyuiopqwerty-7wM1&lDo2Q-USER-username-size must be between 3 and 15]","src.tests.api","2026-09-30","passed","2026-09-30","TestCreateUser","create_user_test","",""
"","240","test_customer_name[Ivan Ivanov]","src.tests.api","2026-09-30","passed","2026-09-30","TestCustomerProfile","customer_profile_test","",""
"","1411","test_user_can_transfer_money_self[webkit]","src.tests.ui","2026-09-30","passed","2026-09-30","TestTransferMoney","ui_transfer_money_test","",""
"","210","test_customer_invalid_name[D'Ivan Ivanov]","src.tests.api","2026-09-30","passed","2026-09-30","TestCustomerProfile","customer_profile_test","",""
"","320","test_deposit_account[5000]","src.tests.api","2026-09-30","passed","2026-09-30","TestDepositAccount","deposit_account_test","",""
"","1196","test_transfer_page_invalid_amount[chromium]","src.tests.ui","2026-09-30","passed","2026-09-30","TestTransferMoney","ui_transfer_money_test","",""
"","646","test_admin_can_create_user[firefox-new_user_request0]","src.tests.ui","2026-09-30","passed","2026-09-30","TestCreateUser","ui_create_user_test","",""
"","633","test_transfer_amount_self[5000-5000]","src.tests.api","2026-09-30","passed","2026-09-30","TestTransferMoney","transfer_money_test","",""
"","1186","test_user_can_transfer_money_any[chromium]","src.tests.ui","2026-09-30","passed","2026-09-30","TestTransferMoney","ui_transfer_money_test","",""
"","214","test_customer_invalid_name[Ivan-van Ivanov]","src.tests.api","2026-09-30","passed","2026-09-30","TestCustomerProfile","customer_profile_test","",""
"","359","test_admin_cannot_create_user_with_invalid_data[webkit-new_user_request0]","src.tests.ui","2026-09-30","passed","2026-09-30","TestCreateUser","ui_create_user_test","",""
"","220","test_customer_name[IVAN IVANOV]","src.tests.api","2026-09-30","passed","2026-09-30","TestCustomerProfile","customer_profile_test","",""
"","1331","test_transfer_page_invalid_amount[webkit]","src.tests.ui","2026-09-30","passed","2026-09-30","TestTransferMoney","ui_transfer_money_test","",""
"","1586","test_user_can_login_with_correct_data[webkit]","src.tests.ui","2026-09-30","passed","2026-09-30","TestLoginUser","ui_login_user_test","",""
"","293","test_edit_profile_invalid_name[chromium-BDXVUci-Name must contain two words with letters only]","src.tests.ui","2026-09-30","passed","2026-09-30","TestEditProfile","ui_customer_profile_test","",""
"","1361","test_user_can_transfer_money_self[firefox]","src.tests.ui","2026-09-30","passed","2026-09-30","TestTransferMoney","ui_transfer_money_test","",""
"","613","test_transfer_invalid_account","src.tests.api","2026-09-30","passed","2026-09-30","TestTransferMoney","transfer_money_test","",""
"","403","test_admin_can_login_with_correct_data[chromium]","src.tests.ui","2026-09-30","passed","2026-09-30","TestLoginUser","ui_login_user_test","",""
"","736","test_transfer_amount_another_account[15000-10000]","src.tests.api","2026-09-30","passed","2026-09-30","TestTransferMoney","transfer_money_test","",""
"","218","test_customer_name[ivAn ivanoV]","src.tests.api","2026-09-30","passed","2026-09-30","TestCustomerProfile","customer_profile_test","",""
"","75","test_create_invalid_user[-99Xu$D1jyT-USER-username-error_value0]","src.tests.api","2026-09-30","passed","2026-09-30","TestCreateUser","create_user_test","",""
"","742","test_transfer_amount_self[10000.0-10000.0]","src.tests.api","2026-09-30","passed","2026-09-30","TestTransferMoney","transfer_money_test","",""
"","317","test_invalid_balance_account[73618.49-Deposit amount exceeds the 5000 limit]","src.tests.api","2026-09-30","passed","2026-09-30","TestDepositAccount","deposit_account_test","",""
"","450","test_edit_profile_invalid_name[firefox--\u274c Please enter a valid name.]","src.tests.ui","2026-09-30","passed","2026-09-30","TestEditProfile","ui_customer_profile_test","",""
"","315","test_invalid_balance_account[5000.01-Deposit amount exceeds the 5000 limit]","src.tests.api","2026-09-30","passed","2026-09-30","TestDepositAccount","deposit_account_test","",""
"","502","test_user_no_input_amount[webkit]","src.tests.ui","2026-09-30","passed","2026-09-30","TestDepositAccount","ui_deposit_account_test","",""
"","335","test_deposit_account[4471.68]","src.tests.api","2026-09-30","passed","2026-09-30","TestDepositAccount","deposit_account_test","",""
"","214","test_customer_invalid_name[ Ivan Ivanov]","src.tests.api","2026-09-30","passed","2026-09-30","TestCustomerProfile","customer_profile_test","",""
"","725","test_transfer_invalid_amount_self[10000-0-must be greater than 0]","src.tests.api","2026-09-30","passed","2026-09-30","TestTransferMoney","transfer_money_test","",""
"","944","test_transfer_page_invalid_account[webkit]","src.tests.ui","2026-09-30","passed","2026-09-30","TestTransferMoney","ui_transfer_money_test","",""
"","746","test_transfer_amount_self[10000.0-1235.49]","src.tests.api","2026-09-30","passed","2026-09-30","TestTransferMoney","transfer_money_test","",""
"","735","test_transfer_invalid_amount_self[10000-10000.01-Transfer amount cannot exceed 10000]","src.tests.api","2026-09-30","passed","2026-09-30","TestTransferMoney","transfer_money_test","",""
"","716","test_user_can_deposit_account[firefox]","src.tests.ui","2026-09-30","passed","2026-09-30","TestDepositAccount","ui_deposit_account_test","",""
"","522","test_user_no_input_amount[firefox]","src.tests.ui","2026-09-30","passed","2026-09-30","TestDepositAccount","ui_deposit_account_test","",""
"","1340","test_user_can_transfer_money_any[firefox]","src.tests.ui","2026-09-30","passed","2026-09-30","TestTransferMoney","ui_transfer_money_test","",""
"","215","test_customer_invalid_name[Ivan Ivanov Ivanovich]","src.tests.api","2026-09-30","passed","2026-09-30","TestCustomerProfile","customer_profile_test","",""
"","1314","test_transfer_page_invalid_amount[firefox]","src.tests.ui","2026-09-30","passed","2026-09-30","TestTransferMoney","ui_transfer_money_test","",""
"","212","test_customer_invalid_name[Ivan  Ivanov]","src.tests.api","2026-09-30","passed","2026-09-30","TestCustomerProfile","customer_profile_test","",""
"","625","test_transfer_invalid_amount_another_account[10000-0-must be greater than 0]","src.tests.api","2026-09-30","passed","2026-09-30","TestTransferMoney","transfer_money_test","",""
"","624","test_transfer_invalid_amount_another_account[10000--3104.13-must be greater than 0]","src.tests.api","2026-09-30","passed","2026-09-30","TestTransferMoney","transfer_money_test","",""
"","446","test_admin_can_create_user[chromium-new_user_request0]","src.tests.ui","2026-09-30","passed","2026-09-30","TestCreateUser","ui_create_user_test","",""
"","324","test_invalid_id_account","src.tests.api","2026-09-30","passed","2026-09-30","TestDepositAccount","deposit_account_test","",""
"","323","test_deposit_account[5000.0]","src.tests.api","2026-09-30","passed","2026-09-30","TestDepositAccount","deposit_account_test","",""
"","386","test_user_can_login_with_correct_data[firefox]","src.tests.ui","2026-09-30","passed","2026-09-30","TestLoginUser","ui_login_user_test","",""
"","221","test_customer_name[ivan ivanov]","src.tests.api","2026-09-30","passed","2026-09-30","TestCustomerProfile","customer_profile_test","",""
"","176","test_user_no_select_account[chromium]","src.tests.ui","2026-09-30","passed","2026-09-30","TestDepositAccount","ui_deposit_account_test","",""
"","405","test_user_can_login_with_correct_data[chromium]","src.tests.ui","2026-09-30","passed","2026-09-30","TestLoginUser","ui_login_user_test","",""
"","825","test_transfer_page_invalid_account[chromium]","src.tests.ui","2026-09-30","passed","2026-09-30","TestTransferMoney","ui_transfer_money_test","",""
"","244","test_transfer_page_empty_fields[chromium]","src.tests.ui","2026-09-30","passed","2026-09-30","TestTransferMoney","ui_transfer_money_test","",""
"","885","test_admin_can_create_user[webkit-new_user_request0]","src.tests.ui","2026-09-30","passed","2026-09-30","TestCreateUser","ui_create_user_test","",""
"","1333","test_user_can_transfer_money_any[webkit]","src.tests.ui","2026-09-30","passed","2026-09-30","TestTransferMoney","ui_transfer_money_test","",""
"","1028","test_transfer_page_invalid_account[firefox]","src.tests.ui","2026-09-30","passed","2026-09-30","TestTransferMoney","ui_transfer_money_test","",""
"","315","test_invalid_balance_account[0-must be greater than 0]","src.tests.api","2026-09-30","passed","2026-09-30","TestDepositAccount","deposit_account_test","",""
"","213","test_customer_invalid_name[\u0418\u0432\u0430\u043d \u0418\u0432\u0430\u043d\u043e\u0432]","src.tests.api","2026-09-30","passed","2026-09-30","TestCustomerProfile","customer_profile_test","",""
"","401","test_transfer_page_empty_fields[webkit]","src.tests.ui","2026-09-30","passed","2026-09-30","TestTransferMoney","ui_transfer_money_test","",""
"","630","test_transfer_amount_another_account[10000.0-10000.0]","src.tests.api","2026-09-30","passed","2026-09-30","TestTransferMoney","transfer_money_test","",""
"","1637","test_transfer_user_when_edit_name[chromium]","src.tests.ui","2026-09-30","passed","2026-09-30","TestTransferMoney","ui_transfer_money_test","",""
"","512","test_transfer_empty_balance_self","src.tests.api","2026-09-30","passed","2026-09-30","TestTransferMoney","transfer_money_test","",""
"","410","test_transfer_empty_balance_another_account","src.tests.api","2026-09-30","passed","2026-09-30","TestTransferMoney","transfer_money_test","",""
"","1948","test_user_can_create_account[webkit]","src.tests.ui","2026-09-30","passed","2026-09-30","TestCreateAccount","ui_create_account_test","",""
"","312","test_admin_cannot_create_user_with_invalid_data[firefox-new_user_request0]","src.tests.ui","2026-09-30","passed","2026-09-30","TestCreateUser","ui_create_user_test","",""
"","212","test_customer_invalid_name[Ivan \u0418\u0432\u0430\u043d\u043e\u0432]","src.tests.api","2026-09-30","passed","2026-09-30","TestCustomerProfile","customer_profile_test","",""
"","5665","test_edit_profile[webkit]","src.tests.ui","2026-09-30","passed","2026-09-30","TestEditProfile","ui_customer_profile_test","",""
"","563","test_user_can_deposit_account[chromium]","src.tests.ui","2026-09-30","passed","2026-09-30","TestDepositAccount","ui_deposit_account_test","",""
"","636","test_transfer_amount_another_account[10000.0-9999.99]","src.tests.api","2026-09-30","passed","2026-09-30","TestTransferMoney","transfer_money_test","",""
"","628","test_transfer_amount_self[5000-4999.99]","src.tests.api","2026-09-30","passed","2026-09-30","TestTransferMoney","transfer_money_test","",""
"","447","test_edit_profile_invalid_name[firefox-jiKd-Name must contain two words with letters only]","src.tests.ui","2026-09-30","passed","2026-09-30","TestEditProfile","ui_customer_profile_test","",""
"","524","test_transfer_amount_another_account[5000-4999.99]","src.tests.api","2026-09-30","passed","2026-09-30","TestTransferMoney","transfer_money_test","",""
"","369","test_user_no_input_amount[chromium]","src.tests.ui","2026-09-30","passed","2026-09-30","TestDepositAccount","ui_deposit_account_test","",""
"","113","test_create_valid_user[create_user_request0]","src.tests.api","2026-09-30","passed","2026-09-30","TestCreateUser","create_user_test","",""
"","213","test_customer_invalid_name[Ivan1 Ivanov2Iv@n Ivanov]","src.tests.api","2026-09-30","passed","2026-09-30","TestCustomerProfile","customer_profile_test","",""
"","640","test_transfer_amount_self[5000-0.01]","src.tests.api","2026-09-30","passed","2026-09-30","TestTransferMoney","transfer_money_test","",""
"","162","test_create_account","src.tests.api","2026-09-30","passed","2026-09-30","TestCreateAccount","create_account_test","",""
"","364","test_admin_can_login_with_correct_data[firefox]","src.tests.ui","2026-09-30","passed","2026-09-30","TestLoginUser","ui_login_user_test","",""
"","213","test_customer_invalid_name[]","src.tests.api","2026-09-30","passed","2026-09-30","TestCustomerProfile","customer_profile_test","",""
"","832","test_transfer_amount_self[15000-10000]","src.tests.api","2026-09-30","passed","2026-09-30","TestTransferMoney","transfer_money_test","",""
"","791","test_user_can_deposit_account[webkit]","src.tests.ui","2026-09-30","passed","2026-09-30","TestDepositAccount","ui_deposit_account_test","",""
"","724","test_transfer_invalid_amount_self[10000--114.35-must be greater than 0]","src.tests.api","2026-09-30","passed","2026-09-30","TestTransferMoney","transfer_money_test","",""
"","315","test_edit_profile_invalid_name[chromium--\u274c Please enter a valid name.]","src.tests.ui","2026-09-30","passed","2026-09-30","TestEditProfile","ui_customer_profile_test","",""
"","624","test_transfer_invalid_amount_another_account[10000-10000.01-Transfer amount cannot exceed 10000]","src.tests.api","2026-09-30","passed","2026-09-30","TestTransferMoney","transfer_money_test","",""
"","1632","test_transfer_user_when_edit_name[webkit]","src.tests.ui","2026-09-30","passed","2026-09-30","TestTransferMoney","ui_transfer_money_test","",""
"","521","test_transfer_invalid_amount_another_account[3620.2-10000-Invalid transfer: insufficient funds or invalid accounts]","src.tests.api","2026-09-30","passed","2026-09-30","TestTransferMoney","transfer_money_test","",""
"","324","test_deposit_account[4999.99]","src.tests.api","2026-09-30","passed","2026-09-30","TestDepositAccount","deposit_account_test","",""
"","314","test_invalid_balance_account[-103.79-must be greater than 0]","src.tests.api","2026-09-30","passed","2026-09-30","TestDepositAccount","deposit_account_test","",""
"","982","test_edit_profile[chromium]","src.tests.ui","2026-09-30","passed","2026-09-30","TestEditProfile","ui_customer_profile_test","",""
"","1699","test_transfer_user_when_edit_name[firefox]","src.tests.ui","2026-09-30","passed","2026-09-30","TestTransferMoney","ui_transfer_money_test","",""
